{
  "delta_g": {
    "mae_train": 0.9000000000000017,
    "rmse_train": 0.9007197122301716,
    "mae_test": 0.40000000000000213,
    "rmse_test": 0.40000000000000213
  },
  "delta_h": {
    "mae_train": 2.5500000000000007,
    "rmse_train": 2.5520391846521484,
    "mae_test": 1.500000000000007,
    "rmse_test": 1.500000000000007
  },
  "delta_s": {
    "mae_train": 4.199999999999974,
    "rmse_train": 4.203358657074102,
    "mae_test": 0.6999999999999602,
    "rmse_test": 0.6999999999999602
  },
  "stability": {
    "mae_train": 0.047499999999999876,
    "rmse_train": 0.04753798481214772,
    "mae_test": 0.054999999999999716,
    "rmse_test": 0.054999999999999716
  },
  "binding": {
    "mae_train": 0.47499999999999654,
    "rmse_train": 0.47537984812147505,
    "mae_test": 0.7440000000000033,
    "rmse_test": 0.7440000000000033
  }
}